{
	"Type": "Live2D Expression",
	"Parameters": [
		{
			"Id": "PARAM_EYE_L_OPEN",
			"Value": 0,
			"Blend": "Add"
		},
		{
			"Id": "PARAM_EYE_R_OPEN",
			"Value": 0,
			"Blend": "Add"
		},
		{
			"Id": "PARAM_EYE_BALL_X",
			"Value": 0,
			"Blend": "Add"
		},
		{
			"Id": "PARAM_EYE_BALL_Y",
			"Value": 0,
			"Blend": "Add"
		},
		{
			"Id": "PARAM_BROW_L_Y",
			"Value": -0.59,
			"Blend": "Add"
		},
		{
			"Id": "PARAM_BROW_R_Y",
			"Value": -0.59,
			"Blend": "Add"
		},
		{
			"Id": "PARAM_BROW_L_X",
			"Value": -1,
			"Blend": "Add"
		},
		{
			"Id": "PARAM_BROW_R_X",
			"Value": -1,
			"Blend": "Add"
		},
		{
			"Id": "PARAM_BROW_L_ANGLE",
			"Value": -1,
			"Blend": "Add"
		},
		{
			"Id": "PARAM_BROW_R_ANGLE",
			"Value": -1,
			"Blend": "Add"
		},
		{
			"Id": "PARAM_BROW_L_FORM",
			"Value": -1,
			"Blend": "Add"
		},
		{
			"Id": "PARAM_BROW_R_FORM",
			"Value": -1,
			"Blend": "Add"
		},
		{
			"Id": "PARAM_MOUTH_FORM",
			"Value": -2,
			"Blend": "Add"
		},
		{
			"Id": "PARAM_MOUTH_OPEN_Y",
			"Value": 0,
			"Blend": "Add"
		},
		{
			"Id": "PARAM_TERE",
			"Value": 0,
			"Blend": "Add"
		}
	]
}