{
	"Version": 3,
	"Meta": {
		"Duration": 2.87,
		"Fps": 30.0,
		"Loop": true,
		"AreBeziersRestricted": true,
		"CurveCount": 38,
		"TotalSegmentCount": 95,
		"TotalPointCount": 247,
		"UserDataCount": 0,
		"TotalUserDataSize": 0
	},
	"Curves": [
		{
			"Target": "Parameter",
			"Id": "PARAM_ANGLE_X",
			"Segments": [
				0,
				0,
				1,
				0.089,
				0,
				0.178,
				0,
				0.267,
				0,
				1,
				0.344,
				0,
				0.422,
				0,
				0.5,
				0,
				1,
				0.589,
				0,
				0.678,
				-14,
				0.767,
				-14,
				1,
				0.867,
				-14,
				0.967,
				23,
				1.067,
				23,
				1,
				1.189,
				23,
				1.311,
				-17,
				1.433,
				-17,
				1,
				1.6,
				-17,
				1.767,
				0,
				1.933,
				0,
				0,
				2.867,
				0
			]
		},
		{
			"Target": "Parameter",
			"Id": "PARAM_ANGLE_Y",
			"Segments": [
				0,
				0,
				1,
				0.089,
				0,
				0.178,
				30,
				0.267,
				30,
				1,
				0.344,
				30,
				0.422,
				30,
				0.5,
				30,
				1,
				0.589,
				30,
				0.678,
				15,
				0.767,
				15,
				1,
				0.867,
				15,
				0.967,
				15.153,
				1.067,
				16,
				1,
				1.189,
				17.035,
				1.311,
				18,
				1.433,
				18,
				1,
				1.578,
				18,
				1.722,
				0,
				1.867,
				0,
				0,
				2.867,
				0
			]
		},
		{
			"Target": "Parameter",
			"Id": "PARAM_ANGLE_Z",
			"Segments": [
				0,
				0,
				1,
				0.167,
				0,
				0.333,
				0,
				0.5,
				0,
				1,
				0.589,
				0,
				0.678,
				-8,
				0.767,
				-8,
				1,
				0.867,
				-8,
				0.967,
				7,
				1.067,
				7,
				1,
				1.189,
				7,
				1.311,
				-5,
				1.433,
				-5,
				1,
				1.533,
				-5,
				1.633,
				0.301,
				1.733,
				3.054,
				1,
				1.778,
				4.278,
				1.822,
				4.003,
				1.867,
				4.003,
				1,
				1.911,
				4.003,
				1.956,
				4,
				2,
				4,
				0,
				2.867,
				4
			]
		},
		{
			"Target": "Parameter",
			"Id": "PARAM_EYE_L_OPEN",
			"Segments": [
				0,
				0,
				1,
				0.167,
				0,
				0.333,
				0,
				0.5,
				0,
				1,
				0.878,
				0,
				1.256,
				0,
				1.633,
				0,
				1,
				1.711,
				0,
				1.789,
				1,
				1.867,
				1,
				0,
				2.867,
				1
			]
		},
		{
			"Target": "Parameter",
			"Id": "PARAM_EYE_L_SMILE",
			"Segments": [
				0,
				1,
				1,
				0.167,
				1,
				0.333,
				1,
				0.5,
				1,
				0,
				2.867,
				1
			]
		},
		{
			"Target": "Parameter",
			"Id": "PARAM_EYE_R_OPEN",
			"Segments": [
				0,
				0,
				1,
				0.167,
				0,
				0.333,
				0,
				0.5,
				0,
				1,
				0.878,
				0,
				1.256,
				0,
				1.633,
				0,
				1,
				1.711,
				0,
				1.789,
				1,
				1.867,
				1,
				0,
				2.867,
				1
			]
		},
		{
			"Target": "Parameter",
			"Id": "PARAM_EYE_R_SMILE",
			"Segments": [
				0,
				1,
				1,
				0.167,
				1,
				0.333,
				1,
				0.5,
				1,
				0,
				2.867,
				1
			]
		},
		{
			"Target": "Parameter",
			"Id": "PARAM_EYE_FORM",
			"Segments": [
				0,
				0,
				1,
				0.167,
				0,
				0.333,
				0,
				0.5,
				0,
				0,
				2.867,
				0
			]
		},
		{
			"Target": "Parameter",
			"Id": "PARAM_EYE_BALL_X",
			"Segments": [
				0,
				0,
				0,
				2.867,
				0
			]
		},
		{
			"Target": "Parameter",
			"Id": "PARAM_EYE_BALL_Y",
			"Segments": [
				0,
				0,
				0,
				2.867,
				0
			]
		},
		{
			"Target": "Parameter",
			"Id": "PARAM_BROW_L_Y",
			"Segments": [
				0,
				0.53,
				1,
				0.167,
				0.53,
				0.333,
				0,
				0.5,
				0,
				0,
				2.867,
				0
			]
		},
		{
			"Target": "Parameter",
			"Id": "PARAM_BROW_R_Y",
			"Segments": [
				0,
				0.42,
				1,
				0.167,
				0.42,
				0.333,
				0,
				0.5,
				0,
				0,
				2.867,
				0
			]
		},
		{
			"Target": "Parameter",
			"Id": "PARAM_BROW_L_X",
			"Segments": [
				0,
				0,
				0,
				2.867,
				0
			]
		},
		{
			"Target": "Parameter",
			"Id": "PARAM_BROW_R_X",
			"Segments": [
				0,
				0,
				0,
				2.867,
				0
			]
		},
		{
			"Target": "Parameter",
			"Id": "PARAM_BROW_L_ANGLE",
			"Segments": [
				0,
				0.28,
				1,
				0.167,
				0.28,
				0.333,
				0.47,
				0.5,
				0.47,
				0,
				2.867,
				0.47
			]
		},
		{
			"Target": "Parameter",
			"Id": "PARAM_BROW_R_ANGLE",
			"Segments": [
				0,
				0.22,
				1,
				0.167,
				0.22,
				0.333,
				0.42,
				0.5,
				0.42,
				0,
				2.867,
				0.42
			]
		},
		{
			"Target": "Parameter",
			"Id": "PARAM_BROW_L_FORM",
			"Segments": [
				0,
				0,
				1,
				0.167,
				0,
				0.333,
				-1,
				0.5,
				-1,
				0,
				2.867,
				-1
			]
		},
		{
			"Target": "Parameter",
			"Id": "PARAM_BROW_R_FORM",
			"Segments": [
				0,
				0,
				1,
				0.167,
				0,
				0.333,
				-1,
				0.5,
				-1,
				0,
				2.867,
				-1
			]
		},
		{
			"Target": "Parameter",
			"Id": "PARAM_MOUTH_FORM",
			"Segments": [
				0,
				0,
				1,
				0.167,
				0,
				0.333,
				0,
				0.5,
				0,
				1,
				0.956,
				0,
				1.411,
				0,
				1.867,
				0,
				0,
				2.867,
				0
			]
		},
		{
			"Target": "Parameter",
			"Id": "PARAM_MOUTH_OPEN_Y",
			"Segments": [
				0,
				0,
				1,
				0.167,
				0,
				0.333,
				0,
				0.5,
				0,
				1,
				0.956,
				0,
				1.411,
				0,
				1.867,
				0,
				0,
				2.867,
				0
			]
		},
		{
			"Target": "Parameter",
			"Id": "PARAM_TERE",
			"Segments": [
				0,
				2,
				1,
				0.167,
				2,
				0.333,
				2,
				0.5,
				2,
				0,
				2.867,
				2
			]
		},
		{
			"Target": "Parameter",
			"Id": "PARAM_TEAR",
			"Segments": [
				0,
				1,
				1,
				0.167,
				1,
				0.333,
				1,
				0.5,
				1,
				0,
				2.867,
				1
			]
		},
		{
			"Target": "Parameter",
			"Id": "PARAM_SWEAT",
			"Segments": [
				0,
				0,
				0,
				2.867,
				0
			]
		},
		{
			"Target": "Parameter",
			"Id": "PARAM_RAGE",
			"Segments": [
				0,
				0,
				0,
				2.867,
				0
			]
		},
		{
			"Target": "Parameter",
			"Id": "PARAM_BODY_ANGLE_X",
			"Segments": [
				0,
				0,
				1,
				0.156,
				0,
				0.311,
				0,
				0.467,
				0,
				1,
				0.533,
				0,
				0.6,
				-2,
				0.667,
				-2,
				1,
				0.778,
				-2,
				0.889,
				1,
				1,
				1,
				1,
				1.1,
				1,
				1.2,
				-1,
				1.3,
				-1,
				1,
				1.467,
				-1,
				1.633,
				0,
				1.8,
				0,
				0,
				2.867,
				0
			]
		},
		{
			"Target": "Parameter",
			"Id": "PARAM_BODY_ANGLE_Z",
			"Segments": [
				0,
				0,
				1,
				0.156,
				0,
				0.311,
				0,
				0.467,
				0,
				1,
				0.533,
				0,
				0.6,
				-1,
				0.667,
				-1,
				1,
				0.778,
				-1,
				0.889,
				1,
				1,
				1,
				1,
				1.1,
				1,
				1.2,
				-1,
				1.3,
				-1,
				1,
				1.467,
				-1,
				1.633,
				1,
				1.8,
				1,
				0,
				2.867,
				1
			]
		},
		{
			"Target": "Parameter",
			"Id": "PARAM_BODY_ANGLE_Y",
			"Segments": [
				0,
				0,
				1,
				0.1,
				0,
				0.2,
				3,
				0.3,
				3,
				1,
				0.389,
				3,
				0.478,
				-5,
				0.567,
				-5,
				1,
				0.678,
				-5,
				0.789,
				0,
				0.9,
				0,
				0,
				2.867,
				0
			]
		},
		{
			"Target": "Parameter",
			"Id": "PARAM_ARM_L",
			"Segments": [
				0,
				0,
				1,
				0.111,
				0,
				0.222,
				4,
				0.333,
				4,
				1,
				0.422,
				4,
				0.511,
				-10,
				0.6,
				-10,
				0,
				2.867,
				-10
			]
		},
		{
			"Target": "Parameter",
			"Id": "PARAM_ARM_R",
			"Segments": [
				0,
				0,
				1,
				0.111,
				0,
				0.222,
				4,
				0.333,
				4,
				1,
				0.422,
				4,
				0.511,
				-10,
				0.6,
				-10,
				0,
				2.867,
				-10
			]
		},
		{
			"Target": "Parameter",
			"Id": "PARAM_BREATH",
			"Segments": [
				0,
				0,
				0,
				2.867,
				0
			]
		},
		{
			"Target": "Parameter",
			"Id": "PARAM_HAIR_FRONT",
			"Segments": [
				0,
				0,
				0,
				2.867,
				0
			]
		},
		{
			"Target": "Parameter",
			"Id": "PARAM_HAIR_SIDE",
			"Segments": [
				0,
				0,
				0,
				2.867,
				0
			]
		},
		{
			"Target": "Parameter",
			"Id": "PARAM_HAIR_SIDE_L",
			"Segments": [
				0,
				0,
				0,
				2.867,
				0
			]
		},
		{
			"Target": "Parameter",
			"Id": "PARAM_HAIR_SIDE_R",
			"Segments": [
				0,
				0,
				0,
				2.867,
				0
			]
		},
		{
			"Target": "Parameter",
			"Id": "PARAM_HAIR_BACK",
			"Segments": [
				0,
				0,
				0,
				2.867,
				0
			]
		},
		{
			"Target": "Parameter",
			"Id": "PARAM_HAIR_BACK_L",
			"Segments": [
				0,
				0,
				0,
				2.867,
				0
			]
		},
		{
			"Target": "Parameter",
			"Id": "PARAM_HAIR_BACK_R",
			"Segments": [
				0,
				0,
				0,
				2.867,
				0
			]
		},
		{
			"Target": "PartOpacity",
			"Id": "PARTS_01_FACE_001_c",
			"Segments": [
				0,
				0,
				0,
				2.87,
				0
			]
		}
	]
}